id,name,typ,land,region,im_bestand,winter_rechercheprioritaet,quelle,status
algarve,Algarve,KUESTENREGION,PT,Suedportugal,ja,nein,PT,Bestandsdatensatz_nachpruefen
barcelona,Barcelona,STADT,ES,Katalonien,ja,nein,ES,Bestandsdatensatz_nachpruefen
gardasee,Gardasee,SEENREGION,IT,Lombardei,ja,nein,IT,Bestandsdatensatz_nachpruefen
lissabon,Lissabon,STADT,PT,Region_Lissabon,ja,nein,PT,Bestandsdatensatz_nachpruefen
mallorca,Mallorca,INSEL,ES,Balearen,ja,nein,ES,Bestandsdatensatz_nachpruefen
berlin,Berlin,STADT,DE,Berlin,nein,nein,DE,Kandidat_Quellenpruefung_offen
hamburg,Hamburg,STADT,DE,Hamburg,nein,nein,DE,Kandidat_Quellenpruefung_offen
dresden,Dresden,STADT,DE,Sachsen,nein,nein,DE,Kandidat_Quellenpruefung_offen
heidelberg,Heidelberg,STADT,DE,Baden_Wuerttemberg,nein,nein,DE,Kandidat_Quellenpruefung_offen
wien,Wien,STADT,AT,Wien,nein,nein,AT,Kandidat_Quellenpruefung_offen
salzburg,Salzburg,STADT,AT,Salzburg,nein,ja,AT,Kandidat_Winterdaten_pruefen
innsbruck,Innsbruck,STADT,AT,Tirol,nein,ja,AT,Kandidat_Winterdaten_pruefen
kopenhagen,Kopenhagen,STADT,DK,Hovedstaden,nein,nein,DK,Kandidat_Quellenpruefung_offen
aarhus,Aarhus,STADT,DK,Midtjylland,nein,nein,DK,Kandidat_Quellenpruefung_offen
odense,Odense,STADT,DK,Fyn,nein,nein,DK,Kandidat_Quellenpruefung_offen
aalborg,Aalborg,STADT,DK,Nordjylland,nein,nein,DK,Kandidat_Quellenpruefung_offen
oslo,Oslo,STADT,NO,Oslo,nein,ja,NO,Kandidat_Winterdaten_pruefen
bergen,Bergen,STADT,NO,Vestland,nein,ja,NO,Kandidat_Winterdaten_pruefen
trondheim,Trondheim,STADT,NO,Trondelag,nein,ja,NO,Kandidat_Winterdaten_pruefen
tromso,Tromsoe,STADT,NO,Troms,nein,ja,NO,Kandidat_Winterdaten_pruefen
helsinki,Helsinki,STADT,FI,Uusimaa,nein,ja,FI,Kandidat_Winterdaten_pruefen
tampere,Tampere,STADT,FI,Pirkanmaa,nein,ja,FI,Kandidat_Winterdaten_pruefen
rovaniemi,Rovaniemi,STADT,FI,Lappland,nein,ja,FI,Kandidat_Winterdaten_pruefen
turku,Turku,STADT,FI,Varsinais_Suomi,nein,nein,FI,Kandidat_Quellenpruefung_offen
oulu,Oulu,STADT,FI,North_Ostrobothnia,nein,ja,FI,Kandidat_Winterdaten_pruefen
madrid,Madrid,STADT,ES,Region_Madrid,nein,nein,ES,Kandidat_Quellenpruefung_offen
sevilla,Sevilla,STADT,ES,Andalusien,nein,nein,ES,Kandidat_Quellenpruefung_offen
valencia,Valencia,STADT,ES,Valencianische_Gemeinschaft,nein,nein,ES,Kandidat_Quellenpruefung_offen
granada,Granada,STADT,ES,Andalusien,nein,nein,ES,Kandidat_Quellenpruefung_offen
rom,Rom,STADT,IT,Latium,nein,nein,IT,Kandidat_Quellenpruefung_offen
mailand,Mailand,STADT,IT,Lombardei,nein,nein,IT,Kandidat_Quellenpruefung_offen
florenz,Florenz,STADT,IT,Toskana,nein,nein,IT,Kandidat_Quellenpruefung_offen
neapel,Neapel,STADT,IT,Kampanien,nein,nein,IT,Kandidat_Quellenpruefung_offen
zuerich,Zuerich,STADT,CH,Zuerich,nein,nein,CH,Kandidat_Quellenpruefung_offen
genf,Genf,STADT,CH,Genf,nein,nein,CH,Kandidat_Quellenpruefung_offen
luzern,Luzern,STADT,CH,Luzern,nein,ja,CH,Kandidat_Winterdaten_pruefen
interlaken,Interlaken,STADT,CH,Bern,nein,ja,CH,Kandidat_Winterdaten_pruefen
nordseekueste-de,Nordseekueste_Schleswig_Holstein,KUESTENREGION,DE,Schleswig_Holstein_Nordsee,nein,nein,DE,Kandidat_Quellenpruefung_offen
ruegen,Ruegen,INSEL,DE,Mecklenburg_Vorpommern,nein,ja,DE,Kandidat_Winterdaten_pruefen
bodensee,Bodensee_Nordufer,SEENREGION,DE,Bodenseeregion,nein,ja,DE,Kandidat_Winterdaten_pruefen
salzkammergut,Salzkammergut,SEENREGION,AT,Oberoesterreich_Salzburg_Steiermark,nein,ja,AT,Kandidat_Winterdaten_pruefen
bornholm,Bornholm,INSEL,DK,Bornholm,nein,nein,DK,Kandidat_Quellenpruefung_offen
lofoten,Lofoten,INSEL,NO,Nordland,nein,ja,NO,Kandidat_Winterdaten_pruefen
finnisches-seenland,Finnisches_Seenland,SEENREGION,FI,Seenland,nein,ja,FI,Kandidat_Winterdaten_pruefen
sizilien,Sizilien,INSEL,IT,Sizilien,nein,nein,IT,Kandidat_Quellenpruefung_offen